classes,samples,accuracy
6,1,0.28125
6,2,0.28125
6,5,0.15625
