classes,samples,accuracy
10,1,0.21875
10,2,0.09375
10,5,0.1875
20,1,0.1875
20,2,0.3125
20,5,0.15625
