classes,samples,accuracy
10,1,0.875
10,2,0.9375
10,5,0.9375
20,1,0.90625
20,2,0.96875
20,5,0.96875
